Workbook

Sheet NoContext Araña
N6: Religion | O6: =[1]Sheet1!$H$5 -> 25
N7: Religion-gender | O7: =[2]Sheet1!$H$5 -> 16
N8: Gender | O8: =[3]Sheet1!$H$5 -> 25
N9: Gender-age | O9: =[4]Sheet1!$H$5 -> 51
N10: Age | O10: =[5]Sheet1!$H$5 -> 45
N11: Age-religion | O11: =[6]Sheet1!$H$5 -> 44
N27: Religion | O27: ='NoContext Individual'!T3 -> 0.27650851
N28: Religion-gender | O28: ='NoContext Individual'!T5 -> 0.22571246
N29: Gender | O29: ='NoContext Individual'!T7 -> 0.098754579
N30: Gender-age | O30: ='NoContext Individual'!T9 -> 0.20604518
N31: Age | O31: ='NoContext Individual'!T11 -> 0.27111065
N32: Age-religion | O32: ='NoContext Individual'!T13 -> 0.26457571

Sheet NoContext Individual
A3: ='NoContext Araña'!O6 -> 25 | B3: Religion | C3: Muslim | D3: =[1]Sheet1!$H$8 -> 25 | T3: =[1]Sheet1!$N$5 -> 0.27650851 | U3: Religion | V3: Muslim | W3: =[1]Sheet1!$K$8 -> 0.27650851
C4: Christian | D4: =[1]Sheet1!$H$10 -> 0 | F4: =SUM(D3:D4) -> 25 | V4: Christian | W4: =[1]Sheet1!$K$10 -> 0
A5: ='NoContext Araña'!O7 -> 16 | B5: Religion-gender | C5: Muslim Man | D5: =[2]Sheet1!$H$8 -> 11 | T5: =[2]Sheet1!$N$5 -> 0.22571246 | U5: Religion-gender | V5: Muslim Man | W5: =[2]Sheet1!$K$8 -> 0.08889042
C6: Christian Woman | D6: =[2]Sheet1!$H$10 -> 5 | F6: =SUM(D5:D6) -> 16 | V6: Christian Woman | W6: =[2]Sheet1!$K$10 -> 0.52672095
A7: ='NoContext Araña'!O8 -> 25 | B7: Gender | C7: Man | D7: =[3]Sheet1!$H$8 -> 25 | T7: =[3]Sheet1!$N$5 -> 0.098754579 | U7: Gender | V7: Man | W7: =[3]Sheet1!$K$8 -> 0.098754579
C8: Woman | D8: =[3]Sheet1!$H$10 -> 0 | F8: =SUM(D7:D8) -> 25 | V8: Woman | W8: =[3]Sheet1!$K$10 -> 0
A9: ='NoContext Araña'!O9 -> 51 | B9: Gender-age | C9: 25-yo Man | D9: =[4]Sheet1!$H$8 -> 37 | T9: =[4]Sheet1!$N$5 -> 0.20604518 | U9: Gender-age | V9: 25-yo Man | W9: =[4]Sheet1!$K$8 -> 0.19323442
C10: 60-yo Woman | D10: =[4]Sheet1!$H$10 -> 14 | F10: =SUM(D9:D10) -> 51 | V10: 60-yo Woman | W10: =[4]Sheet1!$K$10 -> 0.23990219
A11: ='NoContext Araña'!O10 -> 45 | B11: Age | C11: 25-yo | D11: =[5]Sheet1!$H$8 -> 26 | T11: =[5]Sheet1!$N$5 -> 0.27111065 | U11: Age | V11: 25-yo | W11: =[5]Sheet1!$K$8 -> 0.24225006
C12: 60-yo | D12: =[5]Sheet1!$H$10 -> 19 | F12: =SUM(D11:D12) -> 45 | V12: 60-yo | W12: =[5]Sheet1!$K$10 -> 0.3106041
A13: ='NoContext Araña'!O11 -> 44 | B13: Age-religion | C13: 25-yo Muslim | D13: =[6]Sheet1!$H$8 -> 30 | T13: =[6]Sheet1!$N$5 -> 0.26457571 | U13: Age-religion | V13: 25-yo Muslim | W13: =[6]Sheet1!$K$8 -> 0.25655012
C14: 60-yo Christian | D14: =[6]Sheet1!$H$10 -> 14 | F14: =SUM(D13:D14) -> 44 | V14: 60-yo Christian | W14: =[6]Sheet1!$K$10 -> 0.2817734
B29: Religion | C29: Muslim | D29: =D3/$F$4 -> 1
C30: Christian | D30: =D4/$F$4 -> 0
B31: Religion-gender | C31: Muslim Man | D31: =D5/$F$6 -> 0.6875
C32: Christian Woman | D32: =D6/$F$6 -> 0.3125
B33: Gender | C33: Man | D33: =D7/$F$8 -> 1
C34: Woman | D34: =D8/$F$8 -> 0
B35: Gender-age | C35: 25-yo Man | D35: =D9/$F$10 -> 0.7254902
C36: 60-yo Woman | D36: =D10/$F$10 -> 0.2745098
B37: Age | C37: 25-yo | D37: =D11/$F$12 -> 0.57777778
C38: 60-yo | D38: =D12/$F$12 -> 0.42222222
B39: Age-religion | C39: 25-yo Muslim | D39: =D13/$F$14 -> 0.68181818
C40: 60-yo Christian | D40: =D14/$F$14 -> 0.31818182

Sheet NoContext Full
B2: Discrepancies
B3: Total | C3: =[7]Sheet1!$H$5 -> 33
B4: Young Muslim Man | C4: =[7]Sheet1!$H$8 -> 21
B5: Old Christian Woman | C5: =[7]Sheet1!$H$10 -> 12
B9: Deviation
B10: Total | C10: =[7]Sheet1!$N$5 -> 0.4268701
B11: Young Muslim Man | C11: =[7]Sheet1!$K$8 -> 0.50753056
B12: Old Christian Woman | C12: =[7]Sheet1!$K$10 -> 0.28571429
