Workbook

Sheet Vigeo Araña
N6: Religion | O6: =[1]Sheet1!$J$5 -> 21
N7: Religion-gender | O7: =[2]Sheet1!$J$5 -> 33
N8: Gender | O8: =[3]Sheet1!$J$5 -> 21
N9: Gender-age | O9: =[4]Sheet1!$J$5 -> 26
N10: Age | O10: =[5]Sheet1!$J$5 -> 23
N11: Age-religion | O11: =[6]Sheet1!$J$5 -> 38
N27: Religion | O27: ='Vigeo Individual'!T2 -> 0.31422
N28: Religion-gender | O28: ='Vigeo Individual'!T4 -> 0.26619611
N29: Gender | O29: ='Vigeo Individual'!T6 -> 0.29161564
N30: Gender-age | O30: ='Vigeo Individual'!T8 -> 0.13873061
N31: Age | O31: ='Vigeo Individual'!T10 -> 0.23787414
N32: Age-religion | O32: ='Vigeo Individual'!T12 -> 0.24379456

Sheet Vigeo Individual
T2: =[1]Sheet1!$P$5 -> 0.31422 | U2: Religion | V2: Muslim | W2: =[1]Sheet1!$M$8 -> 0.34083634
A3: ='Vigeo Araña'!O6 -> 21 | B3: Religion | C3: Muslim | D3: =[1]Sheet1!$J$8 -> 8 | V3: Christian | W3: =[1]Sheet1!$M$10 -> 0.27366995
C4: Christian | D4: =[1]Sheet1!$J$10 -> 13 | F4: =SUM(D3:D4) -> 21 | T4: =[2]Sheet1!$P$5 -> 0.26619611 | U4: Religion-gender | V4: Muslim Man | W4: =[2]Sheet1!$M$8 -> 0.16707551
A5: ='Vigeo Araña'!O7 -> 33 | B5: Religion-gender | C5: Muslim Man | D5: =[2]Sheet1!$J$8 -> 6 | V5: Christian Woman | W5: =[2]Sheet1!$M$10 -> 0.28822291
C6: Christian Woman | D6: =[2]Sheet1!$J$10 -> 27 | F6: =SUM(D5:D6) -> 33 | T6: =[3]Sheet1!$P$5 -> 0.29161564 | U6: Gender | V6: Man | W6: =[3]Sheet1!$M$8 -> 0.33123599
A7: ='Vigeo Araña'!O8 -> 21 | B7: Gender | C7: Man | D7: =[3]Sheet1!$J$8 -> 16 | V7: Woman | W7: =[3]Sheet1!$M$10 -> 0.10650737
C8: Woman | D8: =[3]Sheet1!$J$10 -> 5 | F8: =SUM(D7:D8) -> 21 | T8: =[4]Sheet1!$P$5 -> 0.13873061 | U8: Gender-age | V8: 25-yo Man | W8: =[4]Sheet1!$M$8 -> 0.07919936
A9: ='Vigeo Araña'!O9 -> 26 | B9: Gender-age | C9: 25-yo Man | D9: =[4]Sheet1!$J$8 -> 12 | V9: 60-yo Woman | W9: =[4]Sheet1!$M$10 -> 0.18975739
C10: 60-yo Woman | D10: =[4]Sheet1!$J$10 -> 14 | F10: =SUM(D9:D10) -> 26 | T10: =[5]Sheet1!$P$5 -> 0.23787414 | U10: Age | V10: 25-yo | W10: =[5]Sheet1!$M$8 -> 0.18901287
A11: ='Vigeo Araña'!O10 -> 23 | B11: Age | C11: 25-yo | D11: =[5]Sheet1!$J$8 -> 7 | V11: 60-yo | W11: =[5]Sheet1!$M$10 -> 0.25925095
C12: 60-yo | D12: =[5]Sheet1!$J$10 -> 16 | F12: =SUM(D11:D12) -> 23 | T12: =[6]Sheet1!$P$5 -> 0.24379456 | U12: Age-religion | V12: 25-yo Muslim | W12: =IFERROR([6]Sheet1!$M$8,0) -> 0.31512589
A13: ='Vigeo Araña'!O11 -> 38 | B13: Age-religion | C13: 25-yo Muslim | D13: =[6]Sheet1!$J$8 -> 4 | V13: 60-yo Christian | W13: =[6]Sheet1!$M$10 -> 0.23540264
C14: 60-yo Christian | D14: =[6]Sheet1!$J$10 -> 34 | F14: =SUM(D13:D14) -> 38
B29: Religion | C29: Muslim | D29: =D3/$F$4 -> 0.38095238
C30: Christian | D30: =D4/$F$4 -> 0.61904762
B31: Religion-gender | C31: Muslim Man | D31: =D5/$F$6 -> 0.18181818
C32: Christian Woman | D32: =D6/$F$6 -> 0.81818182
B33: Gender | C33: Man | D33: =D7/$F$8 -> 0.76190476
C34: Woman | D34: =D8/$F$8 -> 0.23809524
B35: Gender-age | C35: 25-yo Man | D35: =D9/$F$10 -> 0.46153846
C36: 60-yo Woman | D36: =D10/$F$10 -> 0.53846154
B37: Age | C37: 25-yo | D37: =D11/$F$12 -> 0.30434783
C38: 60-yo | D38: =D12/$F$12 -> 0.69565217
B39: Age-religion | C39: 25-yo Muslim | D39: =D13/$F$14 -> 0.10526316
C40: 60-yo Christian | D40: =D14/$F$14 -> 0.89473684

Sheet Vigeo Full
B2: Discrepancies
B3: Total | C3: =[7]Sheet1!$J$5 -> 34
B4: Young Muslim Man | C4: =[7]Sheet1!$J$8 -> 14
B5: Old Christian Woman | C5: =[7]Sheet1!$J$10 -> 20
B10: Deviation
B11: Total | C11: =[7]Sheet1!$P$5 -> 0.22825956
B12: Young Muslim Man | C12: =[7]Sheet1!$M$8 -> 0.21608097
B13: Old Christian Woman | C13: =[7]Sheet1!$M$10 -> 0.23678457
