Workbook

Sheet NoContext Araña
N6: Religion | O6: =[1]Sheet1!$H$5 -> 15
N7: Religion-gender | O7: =[2]Sheet1!$H$5 -> 20
N8: Gender | O8: =[3]Sheet1!$H$5 -> 17
N9: Gender-age | O9: =[4]Sheet1!$H$5 -> 108
N10: Age | O10: =[5]Sheet1!$H$5 -> 112
N11: Age-religion | O11: =[6]Sheet1!$H$5 -> 139
N28: Religion | O28: ='NoContext Individual'!U3 -> 0.80519414
N29: Religion-gender | O29: ='NoContext Individual'!U5 -> 0.81953917
N30: Gender | O30: ='NoContext Individual'!U7 -> 0.4624952
N31: Gender-age | O31: ='NoContext Individual'!U9 -> 0.37399689
N32: Age | O32: ='NoContext Individual'!U11 -> 0.5529396
N33: Age-religion | O33: ='NoContext Individual'!U13 -> 0.46312879

Sheet NoContext Individual
A3: ='NoContext Araña'!O6 -> 15 | B3: Religion | C3: Muslim | D3: =[1]Sheet1!$H$8 -> 13 | U3: =[1]Sheet1!$N$5 -> 0.80519414 | V3: Religion | W3: Muslim | X3: =[1]Sheet1!$K$8 -> 0.89454859
C4: Christian | D4: =[1]Sheet1!$H$10 -> 2 | F4: =SUM(D3:D4) -> 15 | W4: Christian | X4: =[1]Sheet1!$K$10 -> 0.22439024
A5: ='NoContext Araña'!O7 -> 20 | B5: Religion-gender | C5: Muslim Man | D5: =[2]Sheet1!$H$8 -> 18 | U5: =[2]Sheet1!$N$5 -> 0.81953917 | V5: Religion-gender | W5: Muslim Man | X5: =[2]Sheet1!$K$8 -> 0.86615463
C6: Christian Woman | D6: =[2]Sheet1!$H$10 -> 2 | F6: =SUM(D5:D6) -> 20 | W6: Christian Woman | X6: =[2]Sheet1!$K$10 -> 0.4
A7: ='NoContext Araña'!O8 -> 17 | B7: Gender | C7: Man | D7: =[3]Sheet1!$H$8 -> 10 | U7: =[3]Sheet1!$N$5 -> 0.4624952 | V7: Gender | W7: Man | X7: =[3]Sheet1!$K$8 -> 0.54136379
C8: Woman | D8: =[3]Sheet1!$H$10 -> 7 | F8: =SUM(D7:D8) -> 17 | W8: Woman | X8: =[3]Sheet1!$K$10 -> 0.34982578
A9: ='NoContext Araña'!O9 -> 108 | B9: Gender-age | C9: 25-yo Man | D9: =[4]Sheet1!$H$8 -> 107 | U9: =[4]Sheet1!$N$5 -> 0.37399689 | V9: Gender-age | W9: 25-yo Man | X9: =[4]Sheet1!$K$8 -> 0.3742695
C10: 60-yo Woman | D10: =[4]Sheet1!$H$10 -> 1 | F10: =SUM(D9:D10) -> 108 | W10: 60-yo Woman | X10: =[4]Sheet1!$K$10 -> 0.34482759
A11: ='NoContext Araña'!O10 -> 112 | B11: Age | C11: 25-yo | D11: =[5]Sheet1!$H$8 -> 97 | U11: =[5]Sheet1!$N$5 -> 0.5529396 | V11: Age | W11: 25-yo | X11: =[5]Sheet1!$K$8 -> 0.62476537
C12: 60-yo | D12: =[5]Sheet1!$H$10 -> 15 | F12: =SUM(D11:D12) -> 112 | W12: 60-yo | X12: =[5]Sheet1!$K$10 -> 0.088466308
A13: ='NoContext Araña'!O11 -> 139 | B13: Age-religion | C13: 25-yo Muslim | D13: =[6]Sheet1!$H$8 -> 132 | U13: =[6]Sheet1!$N$5 -> 0.46312879 | V13: Age-religion | W13: 25-yo Muslim | X13: =[6]Sheet1!$K$8 -> 0.4695716
C14: 60-yo Christian | D14: =[6]Sheet1!$H$10 -> 7 | F14: =SUM(D13:D14) -> 139 | W14: 60-yo Christian | X14: =[6]Sheet1!$K$10 -> 0.34163587
B30: Religion | C30: Muslim | D30: =D3/$F$4 -> 0.86666667
C31: Christian | D31: =D4/$F$4 -> 0.13333333
B32: Religion-gender | C32: Muslim Man | D32: =D5/$F$6 -> 0.9
C33: Christian Woman | D33: =D6/$F$6 -> 0.1
B34: Gender | C34: Man | D34: =D7/$F$8 -> 0.58823529
C35: Woman | D35: =D8/$F$8 -> 0.41176471
B36: Gender-age | C36: 25-yo Man | D36: =D9/$F$10 -> 0.99074074
C37: 60-yo Woman | D37: =D10/$F$10 -> 0.0092592593
B38: Age | C38: 25-yo | D38: =D11/$F$12 -> 0.86607143
C39: 60-yo | D39: =D12/$F$12 -> 0.13392857
B40: Age-religion | C40: 25-yo Muslim | D40: =D13/$F$14 -> 0.94964029
C41: 60-yo Christian | D41: =D14/$F$14 -> 0.050359712

Sheet NoContext Full
B2: Discrepancies
B3: Total | C3: =[7]Sheet1!$H$5 -> 141
B4: Young Muslim Man | C4: =[7]Sheet1!$H$8 -> 140
B5: Old Christian Woman | C5: =[7]Sheet1!$H$10 -> 1
B8: Deviation
B9: Total | C9: =[7]Sheet1!$N$5 -> 0.4768594
B10: Young Muslim Man | C10: =[7]Sheet1!$K$8 -> 0.47822472
B11: Old Christian Woman | C11: =[7]Sheet1!$K$10 -> 0.28571429
